Gene,DAM,MG2
Apbb2,2.651927,1.504718643
Apobec1,-0.637101,1.561307741
Apoe,3.428991,1.392987049
Csmd3,-0.578126,-2.6597911
Fam20c,5.700718,1.766716614
Igf1,4.222486,1.953848598
Lpl,4.946601,2.218905562
Myo1e,2.317389,2.235594819
P2ry12,-2.051548,-1.690517693
Siglech,-0.917863,-2.254236495
Spp1,4.312911,2.627225152
Srgap2,-1.736531,-1.159832458
Tanc2,-0.956633,-1.204186522
Zfhx3,-1.976092,-1.168594217
Osbpl8,0.405064,1.260012621
Lgals3,2.672484,1.480003773
Elmo1,-1.463565,-1.111955152
Fgd2,-1.816765,-1.448795017
Pde3b,-1.007211,-1.268891199
Selplg,-1.225303,-1.572230255
Inpp5d,-0.829083,-0.821105632
Cybb,2.691001,1.521728376
4933406I18Rik,-2.168038,-1.359410895
Csf1,5.225405,1.649992417
Rapgef5,-2.787766,-1.354616373
Chd9,-2.494331,-1.016728043
Mitf,0.20772,0.984881191
Acaca,2.382977,1.298352059
Dock4,-1.3263,-0.811767688
Cst3,-0.22888,-1.466249675
Fchsd2,-1.797718,-1.253158895
Ssh2,-1.334791,-0.841172565
Plekhm2,1.168997,1.08372915
Itgax,7.860371,1.141335636
Nav3,-1.278034,-1.288904603
Axl,4.290287,1.092729242
Arhgap25,-0.10863,1.05587488
Csf1r,-0.468992,-0.902433789
Ptgs1,-1.032244,-1.37475396
Arhgap5,-0.809996,-1.066409357
Prkca,-0.925677,-1.470698509
Gpnmb,4.174354,1.678805801
Serinc3,-0.907111,-0.969833481
Numb,-1.136548,-1.075410639
Ctsb,2.04363,0.922852383
Chst11,1.251339,1.356096469
Cd9,2.06811,1.083161092
Ank,4.87659,1.476616308
Abca9,-1.460019,-1.238273456
Frmd4a,-1.284002,-0.805033605
Neat1,0.423051,0.99262149
Cd74,2.020314,1.50936657
Ptprc,0.31096,0.681719399
Bcl2,0.429636,0.923512413
Lyz2,3.455854,1.245943184
Med12l,-3.53626,-1.136569282
St3gal6,-1.05862,-1.124404265
Ophn1,-1.642211,-0.804846984
Slco2b1,-1.270084,-0.913269323
Dock10,-1.366818,-0.833332496
Cx3cr1,-1.359911,-0.914137147
Trps1,-1.274953,1.022860763
Slc9a9,-1.395844,-0.823736225
Sparc,-0.83641,-1.198379137
Lpcat2,-1.311565,-0.834298264
Mertk,-0.261147,-0.689916868
Asph,-0.161976,0.852655972
Maf,-2.252391,-1.139546316
Bin1,-1.170324,-0.884618267
Cd84,0.399617,0.705811065
Sall1,-1.189528,-1.111745568
Agmo,-0.396307,-1.074775223
Pld1,-2.348494,-1.080077666
Bbs9,-1.328503,-1.137738113
Capn3,0.299384,-1.106477073
Etl4,3.625511,1.178083276
Myo1f,0.594321,0.615333199
Gpr34,-0.85822,-1.023929603
Ccr5,-2.340838,-1.174833038
Qk,-0.540553,-0.53434335
Sh3bp2,-1.00873,0.903364933
Soat1,1.224973,0.859053005
Phyhd1,-0.878654,-0.921204834
Ltc4s,-1.530531,-1.092796591
Fat3,0.637146,1.018843431
Lgmn,-0.652843,-0.696760243
Ankrd44,-1.280359,-0.666034533
Nrp1,0.851862,0.802035693
Arhgap26,3.820647,0.858553426
Csf2ra,1.864095,0.829458049
Gng12,1.544904,0.854968981
Slc24a3,-0.736322,-1.039018985
Aplp2,2.283658,0.863302184
Litaf,0.540399,0.874877133
Atp2b1,-1.229721,0.662254624
Myo9b,1.270586,0.692852837
Dip2b,-0.860929,-0.676512736
Rnf149,1.111186,0.858930842
Itgam,-1.124086,-0.854270424
Fmnl2,-0.262675,0.830593641
Pag1,-1.08746,-0.550725759
Gtf2h2,-1.282858,-0.85788844
Gnptab,1.131522,0.795615654
Ivns1abp,-1.274347,-0.69876654
0610040J01Rik,-0.983298,-0.865749498
Adap2,-1.264355,-0.654296536
Dgkz,0.951757,0.741707748
Nfia,-1.026808,-0.783964388
Dennd4a,-0.35963,-0.623731884
Inpp4b,-1.840463,-0.680187637
Fam102b,-0.688795,-0.915375522
Col27a1,-0.995361,-0.925272743
Nrp2,-0.272627,0.790885486
Zfp710,-1.790281,-0.675086882
Dnmt3a,0.447717,0.665381459
Tns3,0.460236,0.574462762
Itga9,-1.940203,-0.958016106
Rassf3,0.420465,0.733254099
Itga5,4.568928,0.784907541
Ikzf1,-1.019037,-0.589364724
Bin2,-1.735722,-0.834843806
Nceh1,3.240047,0.76968989
Ntpcr,-1.122088,-0.842388798
Plxna4,-3.054751,-0.910002937
Tpd52,1.686402,0.73322969
Anxa4,0.178287,0.725149097
Plxdc2,0.487538,-0.290409713
Eef2k,-2.447587,-0.863225713
Agap1,-0.915272,0.893955851
Cd33,-1.369259,-0.806629901
Nrip1,-1.510853,-0.741994684
Abcg1,-0.20862,0.730817327
Hif1a,1.50198,0.761284371
Tank,0.548169,0.863573746
Nfe2l2,0.370642,0.742869742
Bcl2l1,-0.286433,0.766193352
Maml3,-1.131845,-0.553788772
Abca1,-0.903497,0.586011369
Rbm47,-1.248326,0.638552746
Dtnbp1,0.661494,0.652488375
Cd63,2.326131,0.687326418
Tec,0.333804,0.653728734
St3gal5,-0.62747,-0.836319738
Vps13c,1.090274,0.626476325
Slc23a2,1.791496,0.704270529
Itpkb,0.100451,0.739477011
Slc16a10,1.02634,0.720404816
Plekha1,0.688227,0.599502659
St8sia6,2.455586,0.70218818
Atp6v1a,1.110475,0.708216119
Slc25a25,0.75396,0.764793015
Nos1ap,-0.10245,-0.865416757
Lrba,-2.646691,-0.83305388
Rabep1,-0.615151,0.573814705
Cd48,1.208018,0.69179792
Mgat4a,-0.925985,-0.64455068
Ell2,2.903912,0.776538477
Herc2,-0.841641,-0.610298076
Sgk1,-0.312957,0.766373483
Mtus1,-0.792919,-0.748993289
Garnl3,-1.305541,-0.800058347
Golm1,-0.806389,-0.706563352
Ctnnb1,0.318409,0.660398409
Coro1c,1.166986,0.648872725
Nlrc5,3.04828,0.665300955
Wnk1,-1.179866,-0.497248967
Plin2,1.030376,0.630969849
Ulk2,-0.626876,-0.63340916
Rtn1,-2.012213,-0.758722797
Atg7,0.413461,0.622994177
Zeb1,-1.905003,-0.628229207
Slc16a6,-0.251375,-0.729904059
Plek,0.642127,0.715262548
Fli1,-0.721944,-0.495216862
Il6ra,-1.789221,-0.635735514
Ppp1r9a,-1.831003,-0.589346498
Dock8,-0.393235,-0.414249519
Cpd,2.603934,0.662111
Rufy3,-0.232168,0.6307223
Fam49b,-0.846747,-0.446174178
Tln2,0.194867,-0.730649691
Map4k3,0.285219,0.578061002
Rps6ka1,-1.448061,-0.695964758
Alpk1,0.763249,0.660709639
Pgap1,0.590954,0.574389377
Cd81,-0.1491,-0.670045438
Tjp1,-1.802008,-0.670709471
Man1a,-1.164555,-0.702166919
Scoc,-0.857843,-0.694035548
Slc15a3,0.862034,0.65543042
Rgs10,-0.485482,-0.614149039
Fnip1,-0.567239,0.515369137
Pard3b,-0.7729,-0.731904
Entpd1,-1.189364,-0.507060591
Ctsz,1.684372,0.473233446
Akt3,0.581154,0.541743483
Susd3,-1.685886,-0.660533269
Scamp2,-0.98273,-0.629053126
Pik3r1,-2.078308,-0.575869479
Abr,-0.405367,0.514023948
Abi3,-0.592831,-0.595342807
Akap10,-0.827547,0.519535519
Dapp1,-2.863098,-0.599007234
Ncf2,-0.355456,0.574446632
Pkig,-0.172226,-0.659930525
B4galt5,-1.484613,0.599050436
Spag9,-0.894313,0.537947727
Tubgcp5,-1.318844,-0.622657994
Map4k4,-0.611048,-0.50713928
Ccdc88a,1.850626,0.55580555
Pmepa1,-1.11316,-0.665384204
Kif21b,-1.631694,-0.635111056
Cd83,2.817012,0.739165353
Plcl2,-0.970614,-0.455125019
Cotl1,0.477058,0.532539122
Smarca2,-1.001894,-0.594655793
Phf14,-0.177656,-0.479576128
Ccny,1.063098,0.591083976
Ftl1,2.160799,0.533848426
Gng2,-1.254379,-0.600266259
Rcsd1,-0.835871,-0.599206051
Tecpr1,0.51646,0.607374281
Itpr2,-0.317841,-0.500134427
Abl2,-0.21458,0.520537328
Bmp2k,-0.94647,-0.46720349
Zeb2,-1.097303,0.406184002
Actr3,-0.652994,0.509438607
Lipa,0.474191,0.530280285
Wasf2,-0.769992,-0.470765288
Mapk14,-1.099701,-0.5408182
Rtn4rl1,-1.176018,-0.594781427
Ascc3,0.247,0.493070481
Arid5b,-0.618396,0.569345445
Ly86,0.2402,-0.410086649
Pld3,1.763589,0.453459611
H2-D1,2.988854,0.401622898
Picalm,-1.009961,-0.420153364
Cttnbp2nl,-1.008123,-0.476686699
Fyn,0.565316,0.447391762
Fth1,1.514116,0.464351424
Gna15,-1.364094,-0.540793602
Ptpn12,-0.399985,0.549995834
Tpst2,-1.650431,-0.579683276
Ctsd,1.452347,0.474011086
Hpgds,-1.131138,-0.373842761
Fcrls,-0.411256,-0.585121526
Prdx1,1.258175,0.573492941
Pkib,1.658813,0.497847149
4931406P16Rik,1.367752,0.527200856
Lat2,0.510677,0.518279675
Frmd4b,-1.171897,-0.349839113
Dnajb14,1.372001,0.46894507
Rap2a,0.392605,0.552338167
Dhrs3,0.623637,0.495946758
Fbxl17,-1.681662,0.444054556
Galc,0.505976,0.482371891
Scamp5,-1.883355,-0.54835303
Sdk1,-0.273391,-0.73004114
Pwwp2a,-1.671191,-0.482340948
Sort1,-1.072632,-0.580492394
Gab1,-2.220294,-0.623207482
Gna13,-0.62646,0.483058067
Nagk,0.10061,0.481778455
Sncaip,0.106137,-0.612797151
Elf2,-0.53482,0.439073026
Tcf7l2,-2.144731,-0.600789389
Chsy1,-1.55899,-0.577785983
Cables1,-0.341299,-0.578561846
Glul,-1.334853,-0.574902729
Atxn10,1.062343,0.490245334
Ifi204,2.470863,0.588728936
Sdccag8,-2.760495,-0.530016091
Hpgd,-0.976939,-0.576476655
Tbc1d16,-1.254722,-0.531391729
Zfand5,-0.694373,0.479406312
C3ar1,0.529245,0.428999927
Mef2a,-0.930809,-0.247688076
Lrp12,-0.290757,0.484395067
Zc3h12c,-0.283515,0.516659611
Sipa1l1,0.227699,-0.518615423
Zfp652,-1.74004,-0.410938561
Itm2b,0.385876,-0.390676385
Clasp2,-0.850848,-0.423088497
Kctd12,-1.409423,-0.527258641
Slc1a3,-1.461952,-0.558897634
Specc1,-0.514744,-0.413283507
Rnf216,-1.08527,-0.398854989
H3f3b,-0.324236,0.450952432
Laptm5,-0.129962,-0.491336602
Sipa1,-1.119128,-0.508650712
Pi4ka,-0.54099,0.501095965
Skap2,-0.859159,0.350608509
Mtm1,-4.811894,0.482236134
Ywhag,-0.76295,0.459547308
Rptor,-0.562239,-0.396899037
Zdhhc14,-0.571003,-0.543105868
Pik3cg,-0.98412,-0.518943487
Celf2,-1.105926,-0.364276617
Abhd12,0.423508,0.357113902
Atp6v0a1,-0.538725,0.478530264
Ubash3b,-0.508877,-0.385776149
Lyn,-1.258366,-0.267978133
Slc3a2,-0.498292,0.434505043
F11r,-0.874201,-0.480613518
BC005537,-0.288026,0.435835439
Tnip2,0.611572,0.407320889
Gnas,2.152279,0.462529605
Plekhm3,0.294788,0.396743158
Unc93b1,-0.502722,-0.335977287
Ifngr1,-1.587352,-0.489850513
Adcy7,-1.257006,0.41665517
Med15,-0.803274,0.383245238
Nuak1,-0.868192,-0.500503494
Arap2,2.026135,0.487394687
Bcl2a1b,2.12165,0.450077603
Lrrc8d,0.962612,0.445452709
Atp6v1c1,1.115971,0.46012201
Mbnl1,-0.864032,-0.305570191
Mfhas1,-0.259032,0.459814711
Grb2,-0.920644,0.39149252
Pfkfb3,0.259029,0.434038875
Mcl1,-0.757964,0.441911685
Psap,0.420527,0.394849108
Ctsa,1.195445,0.400685875
Cd68,1.339356,0.423698642
Rpl10a,1.359364,0.413031924
Dleu2,0.319756,-0.259732307
Nsmce2,0.494927,0.371988274
Usp12,1.267177,0.404336746
Acap2,-1.879657,-0.352531914
Ets1,-2.409405,-0.513063415
Irf8,0.173298,0.389487956
Rock2,-0.665474,-0.397410179
Apbb1ip,-0.626852,-0.247219897
Map3k3,-1.432866,-0.39762055
Usp24,-2.447961,-0.444521162
Cask,-0.909845,-0.432369526
Ddx31,0.996498,0.475916181
Rasa4,0.623645,0.448497012
Trim2,-0.58589,-0.488646168
Lair1,-0.693422,-0.331178651
Rreb1,-2.183501,-0.283341424
Fbrsl1,-1.473287,-0.460008339
Rgl1,-2.772262,-0.482696527
Pten,-1.979537,-0.423595123
Cpeb2,0.305416,0.41219359
Camk1,-0.512593,-0.415388929
Ddx5,-0.697837,-0.276025219
Cflar,-0.42243,-0.414699351
Gnl3,-0.466287,0.390836874
Hps3,-2.280561,-0.434998327
Atp6v0d1,0.412399,0.40591251
Il10ra,-1.277483,-0.409011724
Ankrd12,0.378504,0.369146516
Sgpl1,0.21522,0.400940064
Dock2,-0.675471,0.286567766
Nfkb1,-0.5472,0.451208259
Amz1,0.485786,0.4189721
Pip4k2a,-1.112632,-0.298041757
4930402H24Rik,-3.400699,0.404123604
Camk2d,-0.859451,-0.328634215
Sat1,0.197418,0.367900281
Tlk1,0.222071,0.388811469
Csad,-2.131512,-0.455925427
Maml1,-0.502107,-0.444230077
Mctp1,1.151422,0.286516615
Rassf2,-0.548383,-0.419224724
Stab1,-2.526207,-0.559003596
Cep68,-3.43248,-0.443956787
Acer3,0.165088,0.318057833
Tnrc6b,-1.890764,-0.350389144
Arsb,-0.345137,-0.491696829
Frrs1,1.693831,0.333349451
Casp8,-1.256593,-0.413153339
Git2,-1.230534,-0.356385762
Mycbp2,-0.71658,-0.267751789
Prickle1,0.883492,0.495204807
Cdk17,-0.313088,0.394353689
Vav2,-1.168038,-0.412135215
Slc11a1,0.486455,0.373477057
C1qb,-0.49408,-0.356294158
Tbc1d22a,-0.710875,0.3356827
Samsn1,0.283553,0.423110255
C1qc,-0.467267,-0.350353619
Plcg2,-1.054656,-0.342037501
Tab2,-1.174941,-0.38623462
Gpr183,-0.901523,0.448532678
Smad3,-1.045403,-0.452396091
Rasa1,-0.156065,0.330617361
Slc44a1,1.745922,0.354517438
Prpsap2,-0.565153,-0.420978971
Cyba,0.603585,0.342332251
Asap1,0.912999,0.345872795
Eprs,0.60957,0.344303868
Rragc,0.400912,0.333428966
H2-K1,2.197553,0.271591554
Fndc3b,0.253986,0.343199998
Tor3a,-0.172904,0.411141237
Runx1,-0.578379,0.320705308
Klf7,-2.534684,-0.440173425
Hltf,-0.863584,-0.368948522
Ssbp2,-0.702374,-0.402053304
Sdcbp,0.600163,0.365811535
Marcks,-1.293206,-0.370548223
Ctsl,1.456878,0.384950117
Rab40c,-0.99116,0.384700137
C1qa,-0.215596,-0.326058526
Sh3kbp1,0.501507,0.287662024
Alkbh1,-0.699419,0.302353958
Man1c1,0.388203,0.348931738
Rnf213,-0.639489,0.490826333
Msra,0.589106,0.311793089
Tsc22d4,-0.8199,-0.348679137
Akirin2,-1.243536,-0.393610751
Arglu1,-0.465914,-0.326179454
Pld4,-0.602282,-0.387608339
Gtf2i,-1.330853,-0.377502215
Cryl1,-1.008611,-0.40467018
Lrch1,-1.105672,-0.25171744
Mef2c,-0.449461,-0.186257649
Dpysl2,-0.315112,-0.394864882
Fnbp1,-0.206308,-0.315155071
Rhoh,-1.012583,-0.357434012
Atp13a2,-0.124599,0.345207826
Npc2,1.672936,0.35153026
Thada,-1.52559,-0.372706353
Klf3,-1.191551,-0.360402677
Gdi2,0.108365,-0.313364851
Rbms1,0.456595,0.277991021
Tmem87b,-1.321843,0.304062949
Fyco1,-3.200459,-0.380356982
Lasp1,-0.12214,0.295049834
Pts,-0.970006,-0.379177375
Nptn,0.478979,0.307888719
Man1a2,-0.556976,-0.312712063
Ehd4,-0.366399,0.325866959
Med14,1.116692,0.383216173
Tmem189,0.817607,0.318728991
Pacs1,-0.189518,-0.391704348
Ppcdc,-1.210266,-0.343617111
Cdk6,0.340109,0.496551985
Ctsc,0.223483,0.437047116
Aig1,1.201608,0.408006871
Stim2,2.268733,0.301043756
Itga6,-0.904468,-0.353762983
Chka,-0.501164,0.349282654
Akirin1,-0.206039,0.272290679
Arid1a,-0.739486,-0.315973428
Agps,-1.008183,-0.339756426
Nadk,-0.62747,0.362543863
Fgd4,0.508072,0.344841652
Timp2,1.104524,0.30791729
Lpcat1,-0.107917,0.324959832
Snx30,-0.668243,0.32401105
Fcgr3,0.191917,-0.355669924
Ccm2,-1.052858,-0.348755832
Samd8,-0.500854,0.350383522
Stambpl1,-3.111454,-0.367680057
Oxct1,0.919019,0.292643547
Ptk2b,0.459259,0.350677806
Prex1,-0.584776,-0.271055648
Helz,-2.420101,-0.331349515
Msn,-0.183356,0.335930787
Cux1,0.295032,0.268524431
Acss1,-1.482039,-0.374437877
Lamp2,0.750789,0.265610667
Rasal3,-0.493304,-0.289423959
Tmem135,-1.179136,-0.276933783
Adam10,-0.412605,-0.322309324
Fkbp5,-0.508171,-0.376398659
Larp1,-0.370855,0.286301465
Cnot2,-0.968213,-0.280146542
Apaf1,0.988931,0.31083885
Tbc1d5,-1.003582,-0.251436564
Ccnl1,0.303943,0.330975895
Slc12a9,-0.716141,-0.363671119
Cebpz,-0.621886,-0.336395391
Ttc7,-1.904066,-0.35726776
Tspan14,-1.359763,-0.341713938
Parp8,-1.844923,-0.323938151
Rpl23,1.581372,0.308785874
Dlgap4,-0.60306,0.293724664
Prune2,1.371891,0.263658593
Adam17,-0.247093,0.317640806
Abi2,-1.070483,0.298646807
Ncf1,-0.981819,-0.350230283
Strada,0.240427,-0.34412866
Kdm3b,-1.253429,-0.310849875
Mnat1,-1.158257,0.262992876
Pitpna,0.529238,0.288217275
Eya4,-0.39043,0.299910644
Cd37,0.359621,-0.293276902
Spire1,-0.148561,-0.290601737
Hpcal1,-0.458817,0.281413068
Rnf150,0.657188,0.378645374
Gfm2,-0.496874,-0.256162835
Crlf3,-1.22971,-0.278750692
Lrrk1,-0.119829,-0.299870199
Abcc3,-1.514995,-0.352726105
Ccdc93,-1.026451,-0.32422762
Atf6,-0.108876,0.189527486
Evi5,-0.316715,-0.33591534
Mat2a,-0.536108,0.253679238
Cadm1,2.492552,0.349627571
Clint1,0.549927,0.244000809
Ccni,-0.122447,-0.329244684
Ptprm,1.293866,-0.269647231
Stat2,0.15389,0.324532184
Clip1,0.498668,0.2080648
Zmiz1,-0.716931,0.251697477
Lrp5,-1.035099,-0.325109065
Dst,-1.0127,-0.171798643
Atp8a1,-0.295793,0.237996625
Abcb1b,-0.850848,0.343735338
Slc7a8,-0.54707,-0.291773887
Snx13,-0.283043,-0.230033157
Anks1,-1.095602,-0.306439022
Aff4,-0.386729,0.271073243
Ranbp2,-1.018894,0.290017757
Npepps,0.145057,0.243856044
Atp7a,0.343076,0.285148956
Vps54,-0.264253,0.235751351
Lpxn,-0.716403,0.287322842
Tia1,-1.939879,-0.327383008
Tm6sf1,-1.829948,-0.332320891
Gcnt1,-0.567445,-0.314059677
Gnb1,-0.351357,0.219461599
Fam117b,-0.484341,-0.313672049
Tgfa,-0.562898,-0.336698723
Arih1,0.667986,0.265141643
Tmcc1,-1.653465,0.251961131
Mpp6,0.287956,0.311370922
Cd2ap,-0.566694,-0.269715612
Eef1a1,0.609791,0.249620563
Arhgef6,-0.761524,-0.324377945
Dido1,-1.412345,-0.267436761
Strn,0.980061,0.243820605
Havcr2,0.193502,-0.274366341
Rbm26,-0.475093,-0.238339439
Pcnx,-0.213842,0.24918137
Xpr1,-0.280838,0.239496256
Cnot4,0.945304,0.247459827
Ifnar1,0.440325,0.273760258
Rai1,-0.806112,0.280342153
Ndel1,-0.392078,0.240521689
Vdac2,0.787364,0.231290176
Apc,-1.292027,-0.269943812
Daglb,0.250636,0.30611473
Ankhd1,-0.636882,0.20845469
Pla2g4a,-1.218664,-0.322073205
Arpc1b,0.355297,0.236311489
Map3k5,-0.637224,-0.306539524
Cul1,-0.261434,-0.264304748
Rhoa,-0.22034,0.199668222
Arid4a,-1.877448,-0.28435992
Tgfbr1,-0.674167,0.213493396
Trio,-1.056039,-0.242204094
Ifngr2,-0.166537,0.213092864
Ahcyl1,-0.262861,0.248576385
Usp32,0.718006,0.236904308
Srsf5,-0.706777,-0.229998702
Stx6,0.331757,0.239487626
Ptprj,-0.146107,-0.16422751
Lmo2,0.377358,0.289804383
Gab2,-0.497606,0.166308671
Daam1,0.297984,0.252404885
Kpna3,0.34129,0.275693087
Lcp2,-1.051432,-0.255095937
Ube2l3,-0.12004,0.222196066
Snx18,-0.428213,-0.267333693
Cep170,-1.057007,-0.168557227
Usp9x,-1.335416,0.262913103
Srsf7,-0.945645,-0.229486473
Atp9b,-1.006757,0.229291843
Mafb,-0.194672,-0.29645998
Slc29a3,-0.80625,-0.278393566
Ralgapa1,1.247,0.205213138
Snx6,-1.775855,-0.268989345
Vgll4,-0.29127,-0.284852623
Aagab,-1.628742,-0.27781045
Arf4,-0.136605,0.220885906
Lpin2,-1.168038,-0.219478647
Aftph,-1.015778,-0.206890125
Gatad2a,-0.438127,0.180638625
Add1,-0.712012,0.198016874
Tacc1,-0.5622,-0.217595538
Traf3,-1.085576,0.283167664
Tor1aip1,-0.316137,0.239839697
Pip5k1c,0.265147,0.279041481
Arrb2,-0.964287,-0.287539398
Snx29,-3.149891,-0.168214456
Senp5,0.435072,0.183238218
Calm2,-1.318877,-0.281530091
Lmbrd1,0.449715,0.160736938
Slc7a7,-0.965994,-0.275951568
Raf1,-1.29142,0.228269351
Il10rb,-0.431536,0.239811833
Klf13,-1.160302,0.231047167
Arhgap12,-1.263001,-0.22389554
AW554918,-0.778763,-0.273066082
Blnk,-0.350984,0.225178433
Vmp1,-0.175943,0.192694121
Rbm5,-0.817501,-0.195179797
Srpk2,0.853657,0.16101069
Trip12,-0.396662,0.217523893
Ppfia4,0.268451,-0.287108975
Wdfy1,0.327876,0.224700457
Hps4,-0.591879,-0.255695151
Atf7ip,-1.670538,-0.235974198
Snx3,0.327565,0.195452934
Myo9a,-0.161963,0.189607795
Rheb,0.74735,0.235919231
Med13,-0.458715,-0.10355289
Vps26a,0.348676,0.241587741
Etv6,-0.179751,0.251467942
Ano6,-1.168038,0.224141925
Htt,-0.315595,0.179236325
Rcor1,1.202481,0.239459857
Cnot6l,-0.313315,0.144836544
Cab39,-1.056351,0.180728121
B2m,1.374797,0.198174573
Anxa3,0.715602,0.201656217
Rffl,-0.462029,-0.286410147
Mon2,0.31662,-0.214599036
Map3k1,-0.500484,0.236046875
Abl1,-1.288069,-0.274663617
Tmem184b,0.548415,0.236232798
Cln3,0.665123,0.205900922
Pacsin2,-0.745223,-0.239441453
Rlf,-1.172839,0.189444474
Cxxc5,-0.700606,-0.272052235
Parp14,-1.087548,0.394187708
Pabpc1,0.818751,0.242931957
Rcbtb2,0.257159,-0.214923869
Gusb,1.791202,0.231029085
Ptpra,0.1392,0.242613558
Cbfb,-0.338537,0.200718134
Vps13b,-0.154863,0.191068189
Pnn,-0.292965,-0.196277456
Slc12a2,0.202525,-0.285215477
Stk4,-1.062047,-0.195756648
Acbd3,-1.387396,0.147899123
Mbd2,0.3199,0.224087249
P4ha1,-0.997375,0.258335009
Tnpo1,-1.623644,0.225161657
Atp6v0b,0.858152,0.17967677
Zbtb20,-1.360447,-0.159322047
Ext1,0.211551,0.255869038
Eps15,0.615266,0.143370836
Kdm2b,-0.396409,-0.228074101
Nek6,0.255018,0.24792001
Trpm7,-0.705932,0.188058701
Coro7,-1.702016,0.219468711
Nlk,-0.321608,-0.215499168
Iqsec2,-1.094037,-0.268712681
Sft2d1,-0.14978,-0.121145261
Tnfrsf1b,-1.594825,0.255887156
Ggnbp2,-0.573816,0.210696733
Zfp91,-0.264125,0.165312799
Sec24b,0.247,0.20549844
Arfgef2,0.786519,0.242580737
Pik3cd,-0.365255,-0.242851829
Hck,-1.069933,-0.244749282
Chd4,-0.182504,0.20303098
Fam120a,0.305594,0.213451397
Impact,0.363813,0.246794517
Ctnnd1,-0.891329,0.132750601
Snx10,1.233006,0.223257619
Sla,-1.699053,-0.277913527
Ddx24,0.288488,0.145860719
Wls,0.218497,0.14006877
Ctss,0.387942,-0.147467844
Pid1,-1.064461,0.305051985
Rab8b,-0.422892,0.209899174
Rab3gap1,-0.541681,-0.186689326
Eif3c,-0.195444,0.152173207
Ptma,0.561696,0.154622683
Nub1,-1.241287,0.247506113
Fermt3,-0.819108,-0.221578339
Cradd,-0.511992,-0.269077377
Cyld,0.240602,-0.214573145
B4galt1,-0.913787,-0.235833038
Ppp4r2,-0.143376,0.175294116
Nfat5,-0.48038,-0.20055137
Btaf1,0.800078,0.150102267
Cap1,-0.463559,0.223558452
Orc3,-2.011735,-0.241011851
E2f3,-3.194317,-0.239329313
Zfp36l1,-1.349925,-0.254092202
Zfc3h1,-0.348073,0.217042265
Pdk1,0.47441,-0.251531404
Crtc3,-0.449702,0.165520335
Gpcpd1,0.545249,0.229914226
Klhl24,-0.44566,0.252553175
Tmem164,-0.247265,0.169905424
Gspt1,-0.184674,-0.25240514
Ppm1h,0.389527,0.173843407
Tns1,-0.168038,0.19712743
Nlrp1b,-1.817131,-0.202196402
Tcirg1,0.18211,0.222320412
Nvl,0.289813,0.126986474
Gse1,-1.056145,0.224038838
Pou2f2,-1.022187,-0.215651698
Bmpr2,-1.060485,0.215160107
Trim30a,-0.343173,0.221678192
Dnm1l,-0.525255,0.215751511
Psmd1,-0.273257,0.191604867
Atrx,-0.704373,-0.188618294
Stau1,0.748852,-0.125288242
Nsf,-0.337963,0.238534577
Ube2k,-0.584401,0.177045502
Cbl,-0.859129,0.228630121
Sfpq,-0.599989,-0.169966957
Fut8,-0.637152,-0.22656522
Klhl6,1.04843,0.202312198
Creb1,-0.357592,-0.207378227
Mfsd11,-0.189842,0.176350951
Lamp1,0.653564,0.184209494
Esco1,-0.60715,0.138667482
Atxn2,-1.395107,0.204409011
Ankrd17,-0.670183,0.215816284
Pign,0.808878,0.211967023
Rps6ka3,-0.998113,0.217227759
Hmg20a,0.831962,-0.211546807
Stk38,-0.882477,0.173981978
4632427E13Rik,3.805967,-0.23159236
Rgl2,-0.649571,0.107108349
Morc3,-1.041897,-0.196094456
Ddx17,-0.907667,-0.165965152
Dctn4,-0.285276,0.131676734
Mfap3,-1.485267,-0.208983724
Wdr33,-1.054656,-0.105725971
Smad7,-1.478429,0.275585615
Lpcat3,-0.736797,-0.25118472
St13,-0.259082,0.142204667
Snd1,0.314025,0.135518757
Itgav,-1.270171,-0.221138247
Clk1,-1.650599,-0.122302758
Dmxl1,-0.109694,-0.144525994
Btbd9,-1.383975,0.183025655
Snx2,-1.342409,-0.207112828
Pitpnc1,-0.72313,-0.196691208
Phkb,-1.244389,-0.194420795
Clk4,-1.146234,0.126982615
Wdfy4,-0.741077,-0.203664539
Phf20l1,-0.482549,0.183414612
Itch,-1.063472,-0.124107459
Spop,0.405926,0.149687605
Pdpk1,-0.805912,0.138273524
Zfp90,-0.682611,-0.219566652
Hexa,1.191048,0.194258168
Pcm1,-0.865475,-0.101665659
Setd2,-0.860628,-0.185252351
Mapk1,-1.008994,0.112421495
Rnf169,-0.171695,-0.150685353
Eif1,-0.156229,0.162493918
Tsc22d2,-0.736881,0.2104399
Acvr1,-1.146012,-0.220850168
Fam168a,-0.960325,-0.183464875
Tbl1xr1,-0.161788,-0.158718265
Rsf1,-0.973101,-0.175071058
Kdm2a,-0.986798,0.14125325
Senp7,0.115356,-0.216048541
Atp6v1h,0.437884,0.171183739
Setd3,0.159537,-0.123315013
Mgat5,0.32792,0.188045759
Ogt,-0.111895,0.171987308
Dync1h1,-0.871163,0.136459698
Capza2,-0.654562,-0.153450187
Dram2,-1.172755,0.151091183
Ppp6r3,-1.665224,-0.162789831
Gmip,-1.571076,-0.193207324
Itgb1,-0.4658,0.126497296
Heatr5a,-1.288918,-0.182141552
Rin2,-0.116083,0.256490106
Fubp1,-0.53682,0.102279382
Atp6v0c,1.5362,0.153003797
Tln1,-0.378549,0.151604215
Sec24a,1.058471,0.186111494
Zfp407,-3.513813,0.144812054
Slc38a9,-0.395448,-0.220433891
Nckap1l,-0.793223,-0.11694145
Cspp1,-5.868478,-0.121069397
Insr,-1.526725,-0.202779313
Nf1,0.162683,0.150623949
Cd180,1.147347,0.214559354
Znfx1,-0.575213,0.219345225
Smap2,-0.41002,-0.13703844
Hnrnpr,-0.708231,-0.11751145
Hnrnph3,-0.306936,-0.203778519
A630001G21Rik,-1.421794,-0.164664454
Atg5,0.892083,0.135762807
Pafah1b1,-1.22636,0.149039253
Pbrm1,-0.742876,-0.101413032
Creb3l2,0.871888,0.216460009
Zmynd11,-1.027942,-0.206576117
Npc1,-0.295883,0.215716712
Zrsr2,-0.462029,0.143098596
Nfx1,-1.055563,0.11412082
Smurf2,-0.996766,-0.161414395
Larp4b,0.20587,0.129726979
Fcho2,-1.093289,-0.147421876
Bach2,-1.341521,-0.194499794
Fcer1g,0.691891,0.111490002
Celf1,-1.35619,0.162692191
Asxl1,0.176952,-0.199627873
Wdr7,-0.285077,0.191850805
Dnm2,-1.088259,-0.150288538
Caprin1,-0.292128,0.15206965
Rps6ka5,-1.667884,-0.226537097
Chmp4b,0.502024,0.173274265
Mga,-0.205513,0.173836848
Eif4h,0.11116,0.128279063
St6gal1,1.314178,0.201645362
Pak2,-0.349574,0.162015309
Ss18,-1.437412,-0.123614546
Phf21a,-0.994586,-0.178383405
Tmem165,-0.280247,0.133379233
Wdr37,-0.296986,-0.164607801
Abi1,0.428823,0.169117143
Chd6,-2.596881,-0.172556095
Psma3,0.18597,0.149407109
Map3k2,-1.031246,0.110150449
Cyth3,-0.219112,0.184695583
Rpl13,0.600854,0.109282704
Arid1b,-0.489966,0.140254317
Kpna4,-0.756782,0.12686186
Dync1li1,-0.175857,0.149214747
Dyrk1a,-0.90924,0.178509987
Scaper,-0.275679,-0.134651527
Ate1,-0.301469,0.10454108
Ap3b1,-0.1625,0.129795935
Nek7,-0.320847,-0.159648735
Kdm1a,-0.540847,0.117916432
Rnf2,-0.696098,0.119648743
Lcorl,-0.503022,0.12928726
Mpeg1,1.30654,0.157372919
Ccnh,-0.823636,0.124030078
Pcmtd1,-0.466611,0.103837486
Tcf12,-1.642817,0.135352617
Jarid2,-0.636425,-0.204345044
Pik3c2a,-0.971835,-0.100359053
Aff1,-1.470413,0.239016952
Senp2,-0.128258,-0.179343675
Smg7,-0.823636,0.107158255
Tnfrsf21,-0.258583,-0.182312751
Comt,-0.733885,-0.148300461
Polr2a,-0.289556,0.178453381
Gns,0.618019,0.183248521
Ptpre,-0.71432,0.121011477
Stk10,-1.113176,-0.203102045
Mbnl2,-0.559162,0.189719277
5031439G07Rik,-0.694448,0.116777067
Stx7,0.61604,0.127476088
Tyrobp,1.60888,0.14447357
Cdk19,0.175234,0.174477818
Kdm3a,-0.20677,0.115589626
Samhd1,-0.838686,0.265799484
Il21r,-1.872389,-0.207056465
Gbf1,-0.693391,-0.178571794
Ubr2,-0.348246,0.131374518
Prcp,-0.11725,0.125384171
Acin1,-0.822623,-0.11564003
Fyb,-0.675365,0.169444184
Slk,-0.273059,0.120469305
Ppp3ca,-1.058627,-0.130772121
Hnrnpa2b1,-0.220177,-0.136353686
Ski,-0.350454,-0.122168961
Hk2,-0.24617,-0.16287937
Tial1,-0.441292,-0.143147973
Chd7,-0.324687,0.153297954
Tcf4,-1.439451,0.156719953
Cpeb4,-0.712783,0.137312686
Eif4g1,-0.547083,0.121337762
Akap9,-0.307861,-0.103873751
Ep400,-0.46417,0.102891934
Arl15,1.107597,-0.134166482
Lrmp,0.445545,0.149867483
Ndufs4,-0.112446,0.1157787
Pdcd6ip,-0.738398,0.158184405
Tnks2,-0.187403,0.108046852
Ttc28,-0.685301,-0.12203911
Ncoa6,-0.908871,0.129662902
Rnf115,0.277373,0.166984497
Rapgef6,-1.827547,0.105985563
Cox7c,0.667108,0.108798731
Mkln1,-1.108166,-0.128350371
Dcun1d5,-0.248305,-0.189181939
Tardbp,-0.360683,-0.156382905